RI,Na,Mg,Al,Si,K,Ca,Ba,Fe,Type
1.51831,14.39,0,1.82,72.86,1.41,6.47,2.88,0
1.5164,14.37,0,2.74,72.85,0,9.45,0.54,0
1.51623,14.14,0,2.88,72.61,0.08,9.18,1.06,0
